user_id,name,email,created_at
1,Avery Silva,avery.silva654@shopper.io,2023-11-13 12:49:09
2,Sawyer Chen,sawyer.chen696@example.com,2023-03-10 20:14:50
3,Logan Adams,logan.adams735@mail.net,2024-06-08 11:25:16
4,Taylor Nguyen,taylor.nguyen128@mail.net,2023-11-26 05:34:15
5,Logan Patel,logan.patel183@mail.net,2024-07-25 07:49:09
6,Quinn Brown,quinn.brown822@shopper.io,2023-11-21 03:15:31
7,Riley Garcia,riley.garcia92@shopper.io,2024-10-11 01:08:21
8,Avery Lopez,avery.lopez826@example.com,2024-04-06 17:55:12
9,Jordan Silva,jordan.silva700@shopper.io,2023-02-19 15:35:18
10,Harper Brown,harper.brown892@mail.net,2024-07-22 23:57:36
11,Taylor Singh,taylor.singh364@shopper.io,2023-12-30 21:15:17
12,Avery Nguyen,avery.nguyen154@mail.net,2024-05-14 07:24:38
13,Harper Silva,harper.silva366@mail.net,2023-10-28 07:57:30
14,Morgan Adams,morgan.adams370@example.com,2023-12-10 05:53:13
15,Taylor Singh,taylor.singh463@example.com,2024-05-16 19:34:25
16,Riley Patel,riley.patel227@shopper.io,2024-05-04 15:13:00
17,Harper Brown,harper.brown161@mail.net,2024-04-05 08:35:05
18,Taylor Chen,taylor.chen312@mail.net,2024-08-31 09:09:57
19,Riley Lopez,riley.lopez841@shopper.io,2024-10-18 12:02:57
20,Parker Garcia,parker.garcia682@shopper.io,2023-04-13 03:49:03
21,Sawyer Singh,sawyer.singh804@example.com,2024-08-05 11:48:22
22,Taylor Silva,taylor.silva664@shopper.io,2024-05-30 11:25:17
23,Parker Silva,parker.silva555@shopper.io,2024-01-05 14:21:21
24,Logan Chen,logan.chen140@example.com,2023-03-25 17:18:56
25,Riley Khan,riley.khan654@shopper.io,2024-09-17 01:31:25
26,Logan Chen,logan.chen764@shopper.io,2024-04-08 23:29:53
27,Logan Nguyen,logan.nguyen91@shopper.io,2024-08-04 01:56:48
28,Morgan Khan,morgan.khan31@shopper.io,2023-11-16 05:46:11
29,Harper Garcia,harper.garcia276@shopper.io,2024-12-26 15:19:32
30,Sawyer Chen,sawyer.chen234@mail.net,2023-02-12 14:51:47
31,Sawyer Garcia,sawyer.garcia916@example.com,2023-11-14 11:39:14
32,Quinn Singh,quinn.singh556@shopper.io,2024-07-27 00:42:36
33,Harper Khan,harper.khan409@shopper.io,2023-11-02 12:40:05
34,Sawyer Patel,sawyer.patel167@shopper.io,2023-01-17 14:27:38
35,Jordan Chen,jordan.chen771@mail.net,2024-05-24 08:08:48
36,Riley Silva,riley.silva161@mail.net,2024-01-02 06:19:46
37,Harper Singh,harper.singh497@mail.net,2023-12-29 07:15:36
38,Riley Singh,riley.singh381@example.com,2023-08-09 09:43:41
39,Quinn Khan,quinn.khan606@shopper.io,2024-12-02 12:50:48
40,Avery Patel,avery.patel118@shopper.io,2024-12-04 03:31:57
41,Morgan Adams,morgan.adams495@mail.net,2023-12-01 08:55:56
42,Parker Silva,parker.silva968@example.com,2024-07-23 06:24:21
43,Parker Silva,parker.silva788@shopper.io,2024-06-22 16:31:02
44,Parker Chen,parker.chen97@shopper.io,2024-10-21 19:15:23
45,Jordan Brown,jordan.brown703@example.com,2024-06-11 12:02:17
46,Morgan Lopez,morgan.lopez579@shopper.io,2023-05-10 05:18:06
47,Riley Lopez,riley.lopez20@mail.net,2023-12-27 05:01:24
48,Taylor Khan,taylor.khan432@example.com,2024-04-03 13:30:22
49,Jordan Nguyen,jordan.nguyen95@shopper.io,2024-04-04 14:42:26
50,Avery Silva,avery.silva415@mail.net,2023-01-31 10:04:44
51,Jordan Brown,jordan.brown188@example.com,2024-04-27 21:32:58
52,Jordan Khan,jordan.khan104@example.com,2024-03-05 13:38:10
53,Taylor Singh,taylor.singh300@mail.net,2024-12-24 11:00:38
54,Logan Brown,logan.brown347@shopper.io,2024-03-07 23:01:16
55,Parker Chen,parker.chen152@mail.net,2023-11-02 16:06:35
56,Riley Brown,riley.brown782@example.com,2023-03-02 11:24:54
57,Parker Brown,parker.brown670@shopper.io,2023-11-19 11:51:09
58,Harper Singh,harper.singh571@shopper.io,2023-12-13 02:53:52
59,Sawyer Garcia,sawyer.garcia952@example.com,2024-02-03 09:33:31
60,Logan Lopez,logan.lopez439@example.com,2023-01-16 19:09:44
61,Morgan Lopez,morgan.lopez10@mail.net,2024-02-01 19:21:30
62,Jordan Patel,jordan.patel553@example.com,2023-03-21 08:51:10
63,Quinn Khan,quinn.khan119@example.com,2023-06-28 06:30:44
64,Quinn Silva,quinn.silva726@mail.net,2024-07-15 21:09:05
65,Morgan Singh,morgan.singh614@mail.net,2024-12-13 20:07:29
66,Parker Garcia,parker.garcia38@example.com,2024-02-10 14:19:54
67,Logan Patel,logan.patel310@mail.net,2023-12-03 06:50:07
68,Sawyer Adams,sawyer.adams317@example.com,2024-11-27 13:40:01
69,Quinn Garcia,quinn.garcia621@shopper.io,2024-10-23 22:39:24
70,Parker Adams,parker.adams935@example.com,2023-05-01 07:52:46
71,Logan Chen,logan.chen299@shopper.io,2024-12-09 14:41:07
72,Harper Singh,harper.singh890@example.com,2024-07-01 05:34:44
73,Sawyer Lopez,sawyer.lopez223@mail.net,2023-03-26 18:46:08
74,Logan Brown,logan.brown316@example.com,2024-07-18 08:11:09
75,Morgan Khan,morgan.khan410@shopper.io,2024-10-09 21:10:32
76,Avery Silva,avery.silva746@shopper.io,2023-07-11 20:36:26
77,Avery Adams,avery.adams946@example.com,2023-01-24 07:50:50
78,Jordan Chen,jordan.chen830@mail.net,2023-04-23 01:13:12
79,Taylor Singh,taylor.singh367@shopper.io,2024-06-10 06:23:44
80,Sawyer Chen,sawyer.chen197@example.com,2023-08-15 20:19:06
81,Harper Silva,harper.silva320@mail.net,2023-12-31 23:50:30
82,Logan Brown,logan.brown144@mail.net,2023-01-11 04:29:53
83,Jordan Garcia,jordan.garcia279@example.com,2023-01-14 03:06:54
84,Quinn Adams,quinn.adams122@example.com,2024-01-06 03:03:08
85,Harper Khan,harper.khan765@shopper.io,2023-11-01 20:28:32
